{"languages":{"cpp":{"files":["src/select.c","src/main.c","src/ssheet.c","src/ffaces.c","src/generate.c","src/parsessh.c","lib/xstrrpl.c","lib/realloc.c","src/lexssh.c","src/lexps.c","lib/argmatch.c","lib/error.c","lib/output.c","src/version-etc.c","src/buffer.c","src/delegate.c","src/versions.c","src/read.c","lib/getopt1.c","src/long-options.c","lib/getnum.c","src/sshread.c","contrib/fixnt.c","src/sheets-map.c","contrib/sample/main.c","src/regex.c","lib/stream.c","lib/basename.c","lib/strdup.c","lib/xgetcwd.c","lib/memcpy.c","lib/strncasecmp.c","lib/rename.c","lib/str_ht.c","lib/isdir.c","lib/stpncpy.c","lib/getuid.c","lib/pair_ht.c","lib/stpcpy.c","lib/darray.c","lib/routines.c","lib/document.c","lib/filalign.c","lib/confg.c","lib/mktime.c","lib/argv.c","lib/dstring.c","lib/common.c","lib/xgethostname.c","lib/filtdir.c","lib/printers.c","lib/getopt.c","lib/faces.c","lib/path-concat.c","lib/pathwalk.c","lib/fjobs.c","lib/memset.c","lib/addext.c","lib/title.c","lib/tterm.c","lib/strftime.c","lib/useropt.c","lib/ppd.c","lib/prange.c","lib/psgen.c","lib/parseppd.c","lib/strtoul.c","lib/alloca.c","lib/getshline.c","lib/malloc.c","lib/xbackupfile.c","lib/xstrdup.c","lib/signame.c","lib/msg.c","lib/message.c","lib/closeout.c","lib/backupfile.c","lib/strtoimax.c","lib/fnmatch.c","lib/metaseq.c","lib/userdata.c","lib/gen.c","lib/hashtab.c","lib/jobs.c","lib/lister.c","lib/strtol.c","lib/ansi2knr.c","lib/options.c","lib/gethostname.c","lib/strverscmp.c","lib/media.c","lib/strcasecmp.c","lib/obstack.c","lib/strtoumax.c","lib/strtoull.c","lib/printlen.c","lib/atexit.c","lib/dirname.c","lib/getpwuid.c","lib/prolog.c","lib/madir.c","lib/lexppd.c","lib/caret.c","lib/xmalloc.c","lib/quotearg.c","lib/psstat.c","lib/dsc.c","lib/xstrtol.c","lib/encoding.c","lib/fonts.c","config.h","src/sshread.h","src/regex.h","src/select.h","lib/quotearg.h","lib/psstat.h","lib/confg.h","lib/verify.h","lib/getopt.h","lib/parseppd.h","src/versions.h","lib/gettext.h","src/parsessh.h","src/lexps.h","src/long-options.h","src/generate.h","src/main.h","src/buffer.h","src/ssheet.h","src/yy2ssh.h","src/delegate.h","src/read.h","src/ffaces.h","src/version-etc.h","lib/faces.h","lib/obstack.h","lib/lexppd.h","lib/msg.h","lib/pathmax.h","lib/media.h","lib/closeout.h","lib/getshline.h","lib/filtdir.h","lib/pair_ht.h","lib/error.h","lib/prolog.h","lib/pathwalk.h","lib/backupfile.h","lib/title.h","lib/output.h","lib/psgen.h","lib/caret.h","lib/userdata.h","lib/routines.h","lib/darray.h","lib/str_ht.h","lib/hashtab.h","lib/useropt.h","lib/signame.h","lib/dsc.h","lib/tterm.h","lib/printlen.h","lib/argmatch.h","lib/strverscmp.h","lib/metaseq.h","lib/yy2ppd.h","lib/liba2ps.h","lib/options.h","lib/dstring.h","lib/xstrtol.h","lib/a2ps.h","lib/fonts.h","lib/fjobs.h","lib/xbackupfile.h","lib/message.h","lib/gen.h","lib/argv.h","lib/xfnmatch.h","lib/dirname.h","lib/filalign.h","lib/document.h","lib/prange.h","lib/dummypwd.h","lib/getnum.h","lib/common.h","lib/xdirent.h","lib/xalloc.h","lib/jobs.h","lib/xobstack.h","lib/printers.h","lib/system.h","lib/madir.h","lib/lister.h","lib/fnmatch.h","lib/encoding.h","lib/stream.h","lib/path-concat.h","lib/ppd.h","lib/xstrrpl.h","lib/stpncpy.h","tests/tstfiles/polkaIDL.hh"],"linesOfCode":41065},"java":{"files":["tests/tstfiles/InsertBlock.java"],"linesOfCode":29},"python":{"files":["tests/tstfiles/mutex.py"],"linesOfCode":24}}}